PRT0001,2001-01-01 12:00:00.0,PARTY_ENABLED,
PRT0002,2001-01-01 12:00:00.0,PARTY_ENABLED,
PRT0003,2001-01-01 12:00:00.0,PARTY_ENABLED,
PRT0004,2001-01-01 12:00:00.0,PARTY_ENABLED,
PRT0005,2001-01-01 12:00:00.0,PARTY_ENABLED,
PRT0006,2001-01-01 12:00:00.0,PARTY_ENABLED,
PRT0007,2001-01-01 12:00:00.0,PARTY_ENABLED,
PRT0008,2001-01-01 12:00:00.0,PARTY_ENABLED,
PRT0009,2001-01-01 12:00:00.0,PARTY_ENABLED,
PRT0010,2001-01-01 12:00:00.0,PARTY_ENABLED,
PRT0011,2001-01-01 12:00:00.0,PARTY_ENABLED,
PRT0012,2001-01-01 12:00:00.0,PARTY_ENABLED,
PRT0013,2001-01-01 12:00:00.0,PARTY_ENABLED,
PRT0014,2001-01-01 12:00:00.0,PARTY_ENABLED,
PRT0015,2001-01-01 12:00:00.0,PARTY_ENABLED,
PRT0016,2001-01-01 12:00:00.0,PARTY_ENABLED,
PRT0017,2001-01-01 12:00:00.0,PARTY_ENABLED,
PRT0018,2001-01-01 12:00:00.0,PARTY_ENABLED,
PRT0019,2001-01-01 12:00:00.0,PARTY_ENABLED,
PRT0020,2001-01-01 12:00:00.0,PARTY_ENABLED,
PRT0021,2001-01-01 12:00:00.0,PARTY_ENABLED,
PRT0022,2001-01-01 12:00:00.0,PARTY_ENABLED,
PRT0023,2001-01-01 12:00:00.0,PARTY_ENABLED,
PRT0024,2001-01-01 12:00:00.0,PARTY_ENABLED,
PRT0025,2001-01-01 12:00:00.0,PARTY_ENABLED,
PRT0026,2001-01-01 12:00:00.0,PARTY_ENABLED,
PRT0027,2001-01-01 12:00:00.0,PARTY_ENABLED,
PRT0028,2001-01-01 12:00:00.0,PARTY_ENABLED,
PRT0029,2001-01-01 12:00:00.0,PARTY_ENABLED,
PRT0030,2001-01-01 12:00:00.0,PARTY_ENABLED,
PRT0031,2001-01-01 12:00:00.0,PARTY_ENABLED,
PRT0032,2001-01-01 12:00:00.0,PARTY_ENABLED,
PRT0033,2001-01-01 12:00:00.0,PARTY_ENABLED,
PRT0034,2001-01-01 12:00:00.0,PARTY_ENABLED,
PRT0035,2001-01-01 12:00:00.0,PARTY_ENABLED,
PRT0036,2001-01-01 12:00:00.0,PARTY_ENABLED,
PRT0037,2001-01-01 12:00:00.0,PARTY_ENABLED,
PRT0038,2001-01-01 12:00:00.0,PARTY_ENABLED,
PRT0039,2001-01-01 12:00:00.0,PARTY_ENABLED,
PRT0040,2001-01-01 12:00:00.0,PARTY_ENABLED,
PRT0041,2001-01-01 12:00:00.0,PARTY_ENABLED,
PRT0042,2001-01-01 12:00:00.0,PARTY_ENABLED,
PRT0043,2001-01-01 12:00:00.0,PARTY_ENABLED,
PRT0044,2001-01-01 12:00:00.0,PARTY_ENABLED,
PRT0045,2001-01-01 12:00:00.0,PARTY_ENABLED,
PRT0046,2001-01-01 12:00:00.0,PARTY_ENABLED,
PRT0047,2001-01-01 12:00:00.0,PARTY_ENABLED,
PRT0048,2001-01-01 12:00:00.0,PARTY_ENABLED,
PRT0049,2001-01-01 12:00:00.0,PARTY_ENABLED,
PRT0050,2001-01-01 12:00:00.0,PARTY_ENABLED,
PRT0051,2001-01-01 12:00:00.0,PARTY_ENABLED,
PRT0052,2001-01-01 12:00:00.0,PARTY_ENABLED,
PRT0053,2001-01-01 12:00:00.0,PARTY_ENABLED,
PRT0054,2001-01-01 12:00:00.0,PARTY_ENABLED,
PRT0055,2001-01-01 12:00:00.0,PARTY_ENABLED,
PRT0056,2001-01-01 12:00:00.0,PARTY_ENABLED,
PRT0057,2001-01-01 12:00:00.0,PARTY_ENABLED,
PRT0058,2001-01-01 12:00:00.0,PARTY_ENABLED,
PRT0059,2001-01-01 12:00:00.0,PARTY_ENABLED,
PRT0060,2001-01-01 12:00:00.0,PARTY_ENABLED,
PRT0061,2001-01-01 12:00:00.0,PARTY_ENABLED,
PRT0062,2001-01-01 12:00:00.0,PARTY_ENABLED,
PRT0063,2001-01-01 12:00:00.0,PARTY_ENABLED,
PRT0064,2001-01-01 12:00:00.0,PARTY_ENABLED,
PRT0065,2001-01-01 12:00:00.0,PARTY_ENABLED,
PRT0066,2001-01-01 12:00:00.0,PARTY_ENABLED,
PRT0067,2001-01-01 12:00:00.0,PARTY_ENABLED,
PRT0068,2001-01-01 12:00:00.0,PARTY_ENABLED,
PRT0069,2001-01-01 12:00:00.0,PARTY_ENABLED,
PRT0070,2001-01-01 12:00:00.0,PARTY_ENABLED,
PRT0071,2001-01-01 12:00:00.0,PARTY_ENABLED,
PRT0072,2001-01-01 12:00:00.0,PARTY_ENABLED,
PRT0073,2001-01-01 12:00:00.0,PARTY_ENABLED,
PRT0074,2001-01-01 12:00:00.0,PARTY_ENABLED,
PRT0075,2001-01-01 12:00:00.0,PARTY_ENABLED,
PRT0076,2001-01-01 12:00:00.0,PARTY_ENABLED,
PRT0077,2001-01-01 12:00:00.0,PARTY_ENABLED,
PRT0078,2001-01-01 12:00:00.0,PARTY_ENABLED,
PRT0079,2001-01-01 12:00:00.0,PARTY_ENABLED,
PRT0080,2001-01-01 12:00:00.0,PARTY_ENABLED,
PRT0081,2001-01-01 12:00:00.0,PARTY_ENABLED,
PRT0082,2001-01-01 12:00:00.0,PARTY_ENABLED,
PRT0083,2001-01-01 12:00:00.0,PARTY_ENABLED,
PRT0084,2001-01-01 12:00:00.0,PARTY_ENABLED,
PRT0085,2001-01-01 12:00:00.0,PARTY_ENABLED,
PRT0086,2001-01-01 12:00:00.0,PARTY_ENABLED,
PRT0087,2001-01-01 12:00:00.0,PARTY_ENABLED,
PRT0088,2001-01-01 12:00:00.0,PARTY_ENABLED,
PRT0089,2001-01-01 12:00:00.0,PARTY_ENABLED,
PRT0090,2001-01-01 12:00:00.0,PARTY_ENABLED,
PRT0091,2001-01-01 12:00:00.0,PARTY_ENABLED,
PRT0092,2001-01-01 12:00:00.0,PARTY_ENABLED,
PRT0093,2001-01-01 12:00:00.0,PARTY_ENABLED,
PRT0094,2001-01-01 12:00:00.0,PARTY_ENABLED,
PRT0095,2001-01-01 12:00:00.0,PARTY_ENABLED,
PRT0096,2001-01-01 12:00:00.0,PARTY_ENABLED,
PRT0097,2001-01-01 12:00:00.0,PARTY_ENABLED,
PRT0098,2001-01-01 12:00:00.0,PARTY_ENABLED,
PRT0099,2001-01-01 12:00:00.0,PARTY_ENABLED,
PRT0100,2001-01-01 12:00:00.0,PARTY_ENABLED,
PRT0101,2001-01-01 12:00:00.0,PARTY_ENABLED,
PRT0102,2001-01-01 12:00:00.0,PARTY_ENABLED,
PRT0103,2001-01-01 12:00:00.0,PARTY_ENABLED,
PRT0104,2001-01-01 12:00:00.0,PARTY_ENABLED,
PRT0105,2001-01-01 12:00:00.0,PARTY_ENABLED,
PRT0106,2001-01-01 12:00:00.0,PARTY_ENABLED,
PRT0107,2001-01-01 12:00:00.0,PARTY_ENABLED,
PRT0108,2001-01-01 12:00:00.0,PARTY_ENABLED,
PRT0109,2001-01-01 12:00:00.0,PARTY_ENABLED,
PRT0110,2001-01-01 12:00:00.0,PARTY_ENABLED,
PRT0111,2001-01-01 12:00:00.0,PARTY_ENABLED,
PRT0112,2001-01-01 12:00:00.0,PARTY_ENABLED,
PRT0113,2001-01-01 12:00:00.0,PARTY_ENABLED,
PRT0114,2001-01-01 12:00:00.0,PARTY_ENABLED,
PRT0115,2001-01-01 12:00:00.0,PARTY_ENABLED,
PRT0116,2001-01-01 12:00:00.0,PARTY_ENABLED,
PRT0117,2001-01-01 12:00:00.0,PARTY_ENABLED,
PRT0118,2001-01-01 12:00:00.0,PARTY_ENABLED,
PRT0119,2001-01-01 12:00:00.0,PARTY_ENABLED,
PRT0120,2001-01-01 12:00:00.0,PARTY_ENABLED,
PRT0121,2001-01-01 12:00:00.0,PARTY_ENABLED,
PRT0122,2001-01-01 12:00:00.0,PARTY_ENABLED,
PRT0123,2001-01-01 12:00:00.0,PARTY_ENABLED,
PRT0124,2001-01-01 12:00:00.0,PARTY_ENABLED,
PRT0125,2001-01-01 12:00:00.0,PARTY_ENABLED,
PRT0126,2001-01-01 12:00:00.0,PARTY_ENABLED,
PRT0127,2001-01-01 12:00:00.0,PARTY_ENABLED,
PRT0128,2001-01-01 12:00:00.0,PARTY_ENABLED,
PRT0129,2001-01-01 12:00:00.0,PARTY_ENABLED,
PRT0130,2001-01-01 12:00:00.0,PARTY_ENABLED,
PRT0131,2001-01-01 12:00:00.0,PARTY_ENABLED,
PRT0132,2001-01-01 12:00:00.0,PARTY_ENABLED,
PRT0133,2001-01-01 12:00:00.0,PARTY_ENABLED,
PRT0134,2001-01-01 12:00:00.0,PARTY_ENABLED,
PRT0135,2001-01-01 12:00:00.0,PARTY_ENABLED,
PRT0136,2001-01-01 12:00:00.0,PARTY_ENABLED,
PRT0137,2001-01-01 12:00:00.0,PARTY_ENABLED,
PRT0138,2001-01-01 12:00:00.0,PARTY_ENABLED,
PRT0139,2001-01-01 12:00:00.0,PARTY_ENABLED,
PRT0140,2001-01-01 12:00:00.0,PARTY_ENABLED,
PRT0141,2001-01-01 12:00:00.0,PARTY_ENABLED,
PRT0142,2001-01-01 12:00:00.0,PARTY_ENABLED,
PRT0143,2001-01-01 12:00:00.0,PARTY_ENABLED,
PRT0144,2001-01-01 12:00:00.0,PARTY_ENABLED,
PRT0145,2001-01-01 12:00:00.0,PARTY_ENABLED,
PRT0146,2001-01-01 12:00:00.0,PARTY_ENABLED,
PRT0147,2001-01-01 12:00:00.0,PARTY_ENABLED,
PRT0148,2001-01-01 12:00:00.0,PARTY_ENABLED,
PRT0149,2001-01-01 12:00:00.0,PARTY_ENABLED,
PRT0150,2001-01-01 12:00:00.0,PARTY_ENABLED,
PRT0151,2001-01-01 12:00:00.0,PARTY_ENABLED,
PRT0152,2001-01-01 12:00:00.0,PARTY_ENABLED,
PRT0153,2001-01-01 12:00:00.0,PARTY_ENABLED,
PRT0154,2001-01-01 12:00:00.0,PARTY_ENABLED,
PRT0155,2001-01-01 12:00:00.0,PARTY_ENABLED,
PRT0156,2001-01-01 12:00:00.0,PARTY_ENABLED,
PRT0157,2001-01-01 12:00:00.0,PARTY_ENABLED,
PRT0158,2001-01-01 12:00:00.0,PARTY_ENABLED,
PRT0159,2001-01-01 12:00:00.0,PARTY_ENABLED,
PRT0160,2001-01-01 12:00:00.0,PARTY_ENABLED,
PRT0161,2001-01-01 12:00:00.0,PARTY_ENABLED,
PRT0162,2001-01-01 12:00:00.0,PARTY_ENABLED,
PRT0163,2001-01-01 12:00:00.0,PARTY_ENABLED,
PRT0164,2001-01-01 12:00:00.0,PARTY_ENABLED,
PRT0165,2001-01-01 12:00:00.0,PARTY_ENABLED,
PRT0166,2001-01-01 12:00:00.0,PARTY_ENABLED,
PRT0167,2001-01-01 12:00:00.0,PARTY_ENABLED,
PRT0168,2001-01-01 12:00:00.0,PARTY_ENABLED,
PRT0169,2001-01-01 12:00:00.0,PARTY_ENABLED,
PRT0170,2001-01-01 12:00:00.0,PARTY_ENABLED,
PRT0171,2001-01-01 12:00:00.0,PARTY_ENABLED,
PRT0172,2001-01-01 12:00:00.0,PARTY_ENABLED,
PRT0173,2001-01-01 12:00:00.0,PARTY_ENABLED,
PRT0174,2001-01-01 12:00:00.0,PARTY_ENABLED,
PRT0175,2001-01-01 12:00:00.0,PARTY_ENABLED,
PRT0176,2001-01-01 12:00:00.0,PARTY_ENABLED,
PRT0177,2001-01-01 12:00:00.0,PARTY_ENABLED,
PRT0178,2001-01-01 12:00:00.0,PARTY_ENABLED,
PRT0179,2001-01-01 12:00:00.0,PARTY_ENABLED,
PRT0180,2001-01-01 12:00:00.0,PARTY_ENABLED,
PRT0181,2001-01-01 12:00:00.0,PARTY_ENABLED,
PRT0182,2001-01-01 12:00:00.0,PARTY_ENABLED,
PRT0183,2001-01-01 12:00:00.0,PARTY_ENABLED,
PRT0184,2001-01-01 12:00:00.0,PARTY_ENABLED,
PRT0185,2001-01-01 12:00:00.0,PARTY_ENABLED,
PRT0186,2001-01-01 12:00:00.0,PARTY_ENABLED,
PRT0187,2001-01-01 12:00:00.0,PARTY_ENABLED,
PRT0188,2001-01-01 12:00:00.0,PARTY_ENABLED,
PRT0189,2001-01-01 12:00:00.0,PARTY_ENABLED,
PRT0190,2001-01-01 12:00:00.0,PARTY_ENABLED,
PRT0191,2001-01-01 12:00:00.0,PARTY_ENABLED,
PRT0192,2001-01-01 12:00:00.0,PARTY_ENABLED,
PRT0193,2001-01-01 12:00:00.0,PARTY_ENABLED,
PRT0194,2001-01-01 12:00:00.0,PARTY_ENABLED,
PRT0195,2001-01-01 12:00:00.0,PARTY_ENABLED,
PRT0196,2001-01-01 12:00:00.0,PARTY_ENABLED,
PRT0197,2001-01-01 12:00:00.0,PARTY_ENABLED,
PRT0198,2001-01-01 12:00:00.0,PARTY_ENABLED,
PRT0199,2001-01-01 12:00:00.0,PARTY_ENABLED,
PRT0200,2001-01-01 12:00:00.0,PARTY_ENABLED,
PRT0201,2001-01-01 12:00:00.0,PARTY_ENABLED,
PRT0202,2001-01-01 12:00:00.0,PARTY_ENABLED,
PRT0203,2001-01-01 12:00:00.0,PARTY_ENABLED,
PRT0204,2001-01-01 12:00:00.0,PARTY_ENABLED,
PRT0205,2001-01-01 12:00:00.0,PARTY_ENABLED,
PRT0206,2001-01-01 12:00:00.0,PARTY_ENABLED,
PRT0207,2001-01-01 12:00:00.0,PARTY_ENABLED,
PRT0208,2001-01-01 12:00:00.0,PARTY_ENABLED,
PRT0209,2001-01-01 12:00:00.0,PARTY_ENABLED,
PRT0210,2001-01-01 12:00:00.0,PARTY_ENABLED,
PRT0211,2001-01-01 12:00:00.0,PARTY_ENABLED,
PRT0212,2001-01-01 12:00:00.0,PARTY_ENABLED,
PRT0213,2001-01-01 12:00:00.0,PARTY_ENABLED,
PRT0214,2001-01-01 12:00:00.0,PARTY_ENABLED,
PRT0215,2001-01-01 12:00:00.0,PARTY_ENABLED,
PRT0216,2001-01-01 12:00:00.0,PARTY_ENABLED,
PRT0217,2001-01-01 12:00:00.0,PARTY_ENABLED,
PRT0218,2001-01-01 12:00:00.0,PARTY_ENABLED,
PRT0219,2001-01-01 12:00:00.0,PARTY_ENABLED,
PRT0220,2001-01-01 12:00:00.0,PARTY_ENABLED,
PRT0221,2001-01-01 12:00:00.0,PARTY_ENABLED,
PRT0222,2001-01-01 12:00:00.0,PARTY_ENABLED,
PRT0223,2001-01-01 12:00:00.0,PARTY_ENABLED,
PRT0224,2001-01-01 12:00:00.0,PARTY_ENABLED,
PRT0225,2001-01-01 12:00:00.0,PARTY_ENABLED,
PRT0226,2001-01-01 12:00:00.0,PARTY_ENABLED,
PRT0227,2001-01-01 12:00:00.0,PARTY_ENABLED,
PRT0228,2001-01-01 12:00:00.0,PARTY_ENABLED,
PRT0229,2001-01-01 12:00:00.0,PARTY_ENABLED,
PRT0230,2001-01-01 12:00:00.0,PARTY_ENABLED,
PRT0231,2001-01-01 12:00:00.0,PARTY_ENABLED,
PRT0232,2001-01-01 12:00:00.0,PARTY_ENABLED,
PRT0233,2001-01-01 12:00:00.0,PARTY_ENABLED,
PRT0234,2001-01-01 12:00:00.0,PARTY_ENABLED,
PRT0235,2001-01-01 12:00:00.0,PARTY_ENABLED,
PRT0236,2001-01-01 12:00:00.0,PARTY_ENABLED,
PRT0237,2001-01-01 12:00:00.0,PARTY_ENABLED,
PRT0238,2001-01-01 12:00:00.0,PARTY_ENABLED,
PRT0239,2001-01-01 12:00:00.0,PARTY_ENABLED,
PRT0240,2001-01-01 12:00:00.0,PARTY_ENABLED,
PRT0241,2001-01-01 12:00:00.0,PARTY_ENABLED,
PRT0242,2001-01-01 12:00:00.0,PARTY_ENABLED,
PRT0243,2001-01-01 12:00:00.0,PARTY_ENABLED,
PRT0244,2001-01-01 12:00:00.0,PARTY_ENABLED,
PRT0245,2001-01-01 12:00:00.0,PARTY_ENABLED,
PRT0246,2001-01-01 12:00:00.0,PARTY_ENABLED,
PRT0247,2001-01-01 12:00:00.0,PARTY_ENABLED,
PRT0248,2001-01-01 12:00:00.0,PARTY_ENABLED,
PRT0249,2001-01-01 12:00:00.0,PARTY_ENABLED,
PRT0250,2001-01-01 12:00:00.0,PARTY_ENABLED,
PRT0251,2001-01-01 12:00:00.0,PARTY_ENABLED,
PRT0252,2001-01-01 12:00:00.0,PARTY_ENABLED,
PRT0253,2001-01-01 12:00:00.0,PARTY_ENABLED,
PRT0254,2001-01-01 12:00:00.0,PARTY_ENABLED,
PRT0255,2001-01-01 12:00:00.0,PARTY_ENABLED,
PRT0256,2001-01-01 12:00:00.0,PARTY_ENABLED,
PRT0257,2001-01-01 12:00:00.0,PARTY_ENABLED,
PRT0258,2001-01-01 12:00:00.0,PARTY_ENABLED,
PRT0259,2001-01-01 12:00:00.0,PARTY_ENABLED,
PRT0260,2001-01-01 12:00:00.0,PARTY_ENABLED,
PRT0261,2001-01-01 12:00:00.0,PARTY_ENABLED,
PRT0262,2001-01-01 12:00:00.0,PARTY_ENABLED,
PRT0263,2001-01-01 12:00:00.0,PARTY_ENABLED,
PRT0264,2001-01-01 12:00:00.0,PARTY_ENABLED,
PRT0265,2001-01-01 12:00:00.0,PARTY_ENABLED,
PRT0266,2001-01-01 12:00:00.0,PARTY_ENABLED,
PRT0267,2001-01-01 12:00:00.0,PARTY_ENABLED,
PRT0268,2001-01-01 12:00:00.0,PARTY_ENABLED,
PRT0269,2001-01-01 12:00:00.0,PARTY_ENABLED,
PRT0270,2001-01-01 12:00:00.0,PARTY_ENABLED,
PRT0271,2001-01-01 12:00:00.0,PARTY_ENABLED,
PRT0272,2001-01-01 12:00:00.0,PARTY_ENABLED,
PRT0273,2001-01-01 12:00:00.0,PARTY_ENABLED,
PRT0274,2001-01-01 12:00:00.0,PARTY_ENABLED,
PRT0275,2001-01-01 12:00:00.0,PARTY_ENABLED,