PRT0001,SUPPLIER,
PRT0002,SUPPLIER,
PRT0003,SUPPLIER,
PRT0004,SUPPLIER,
PRT0005,SUPPLIER,
PRT0006,SUPPLIER,
PRT0007,SUPPLIER,
PRT0008,SUPPLIER,
PRT0009,SUPPLIER,
PRT0010,SUPPLIER,
PRT0011,SUPPLIER,
PRT0012,SUPPLIER,
PRT0013,SUPPLIER,
PRT0014,SUPPLIER,
PRT0015,SUPPLIER,
PRT0016,SUPPLIER,
PRT0017,SUPPLIER,
PRT0018,SUPPLIER,
PRT0019,SUPPLIER,
PRT0020,SUPPLIER,
PRT0021,SUPPLIER,
PRT0022,SUPPLIER,
PRT0023,SUPPLIER,
PRT0024,SUPPLIER,
PRT0025,SUPPLIER,
PRT0026,SUPPLIER,
PRT0027,SUPPLIER,
PRT0028,SUPPLIER,
PRT0029,SUPPLIER,
PRT0030,SUPPLIER,
PRT0031,SUPPLIER,
PRT0032,SUPPLIER,
PRT0033,SUPPLIER,
PRT0034,SUPPLIER,
PRT0035,SUPPLIER,
PRT0036,SUPPLIER,
PRT0037,SUPPLIER,
PRT0038,SUPPLIER,
PRT0039,SUPPLIER,
PRT0040,SUPPLIER,
PRT0041,SUPPLIER,
PRT0042,SUPPLIER,
PRT0043,SUPPLIER,
PRT0044,SUPPLIER,
PRT0045,SUPPLIER,
PRT0046,SUPPLIER,
PRT0047,SUPPLIER,
PRT0048,SUPPLIER,
PRT0049,SUPPLIER,
PRT0050,SUPPLIER,
PRT0051,SUPPLIER,
PRT0052,SUPPLIER,
PRT0053,SUPPLIER,
PRT0054,SUPPLIER,
PRT0055,SUPPLIER,
PRT0056,SUPPLIER,
PRT0057,SUPPLIER,
PRT0058,SUPPLIER,
PRT0059,SUPPLIER,
PRT0060,SUPPLIER,
PRT0061,SUPPLIER,
PRT0062,SUPPLIER,
PRT0063,SUPPLIER,
PRT0064,SUPPLIER,
PRT0065,SUPPLIER,
PRT0066,SUPPLIER,
PRT0067,SUPPLIER,
PRT0068,SUPPLIER,
PRT0069,SUPPLIER,
PRT0070,SUPPLIER,
PRT0071,SUPPLIER,
PRT0072,SUPPLIER,
PRT0073,SUPPLIER,
PRT0074,SUPPLIER,
PRT0075,SUPPLIER,
PRT0076,SUPPLIER,
PRT0077,SUPPLIER,
PRT0078,SUPPLIER,
PRT0079,SUPPLIER,
PRT0080,SUPPLIER,
PRT0081,SUPPLIER,
PRT0082,SUPPLIER,
PRT0083,SUPPLIER,
PRT0084,SUPPLIER,
PRT0085,SUPPLIER,
PRT0086,SUPPLIER,
PRT0087,SUPPLIER,
PRT0088,SUPPLIER,
PRT0089,SUPPLIER,
PRT0090,SUPPLIER,
PRT0091,SUPPLIER,
PRT0092,SUPPLIER,
PRT0093,SUPPLIER,
PRT0094,SUPPLIER,
PRT0095,SUPPLIER,
PRT0096,SUPPLIER,
PRT0097,SUPPLIER,
PRT0098,SUPPLIER,
PRT0099,SUPPLIER,
PRT0100,SUPPLIER,
PRT0101,SUPPLIER,
PRT0102,SUPPLIER,
PRT0103,SUPPLIER,
PRT0104,SUPPLIER,
PRT0105,SUPPLIER,
PRT0106,SUPPLIER,
PRT0107,SUPPLIER,
PRT0108,SUPPLIER,
PRT0109,SUPPLIER,
PRT0110,SUPPLIER,
PRT0111,SUPPLIER,
PRT0112,SUPPLIER,
PRT0113,SUPPLIER,
PRT0114,SUPPLIER,
PRT0115,SUPPLIER,
PRT0116,SUPPLIER,
PRT0117,SUPPLIER,
PRT0118,SUPPLIER,
PRT0119,SUPPLIER,
PRT0120,SUPPLIER,
PRT0121,SUPPLIER,
PRT0122,SUPPLIER,
PRT0123,SUPPLIER,
PRT0124,SUPPLIER,
PRT0125,SUPPLIER,
PRT0126,SUPPLIER,
PRT0127,SUPPLIER,
PRT0128,SUPPLIER,
PRT0129,SUPPLIER,
PRT0130,SUPPLIER,
PRT0131,SUPPLIER,
PRT0132,SUPPLIER,
PRT0133,SUPPLIER,
PRT0134,SUPPLIER,
PRT0135,SUPPLIER,
PRT0136,SUPPLIER,
PRT0137,SUPPLIER,
PRT0138,SUPPLIER,
PRT0139,SUPPLIER,
PRT0140,SUPPLIER,
PRT0141,SUPPLIER,
PRT0142,SUPPLIER,
PRT0143,SUPPLIER,
PRT0144,SUPPLIER,
PRT0145,SUPPLIER,
PRT0146,SUPPLIER,
PRT0147,SUPPLIER,
PRT0148,SUPPLIER,
PRT0149,SUPPLIER,
PRT0150,SUPPLIER,
PRT0151,SUPPLIER,
PRT0152,SUPPLIER,
PRT0153,SUPPLIER,
PRT0154,SUPPLIER,
PRT0155,SUPPLIER,
PRT0156,SUPPLIER,
PRT0157,SUPPLIER,
PRT0158,SUPPLIER,
PRT0159,SUPPLIER,
PRT0160,SUPPLIER,
PRT0161,SUPPLIER,
PRT0162,SUPPLIER,
PRT0163,SUPPLIER,
PRT0164,SUPPLIER,
PRT0165,SUPPLIER,
PRT0166,SUPPLIER,
PRT0167,SUPPLIER,
PRT0168,SUPPLIER,
PRT0169,SUPPLIER,
PRT0170,SUPPLIER,
PRT0171,SUPPLIER,
PRT0172,SUPPLIER,
PRT0173,SUPPLIER,
PRT0174,SUPPLIER,
PRT0175,SUPPLIER,
PRT0176,SUPPLIER,
PRT0177,SUPPLIER,
PRT0178,SUPPLIER,
PRT0179,SUPPLIER,
PRT0180,SUPPLIER,
PRT0181,SUPPLIER,
PRT0182,SUPPLIER,
PRT0183,SUPPLIER,
PRT0184,SUPPLIER,
PRT0185,SUPPLIER,
PRT0186,SUPPLIER,
PRT0187,SUPPLIER,
PRT0188,SUPPLIER,
PRT0189,SUPPLIER,
PRT0190,SUPPLIER,
PRT0191,SUPPLIER,
PRT0192,SUPPLIER,
PRT0193,SUPPLIER,
PRT0194,SUPPLIER,
PRT0195,SUPPLIER,
PRT0196,SUPPLIER,
PRT0197,SUPPLIER,
PRT0198,SUPPLIER,
PRT0199,SUPPLIER,
PRT0200,SUPPLIER,
PRT0201,SUPPLIER,
PRT0202,SUPPLIER,
PRT0203,SUPPLIER,
PRT0204,SUPPLIER,
PRT0205,SUPPLIER,
PRT0206,SUPPLIER,
PRT0207,SUPPLIER,
PRT0208,SUPPLIER,
PRT0209,SUPPLIER,
PRT0210,SUPPLIER,
PRT0211,SUPPLIER,
PRT0212,SUPPLIER,
PRT0213,SUPPLIER,
PRT0214,SUPPLIER,
PRT0215,SUPPLIER,
PRT0216,SUPPLIER,
PRT0217,SUPPLIER,
PRT0218,SUPPLIER,
PRT0219,SUPPLIER,
PRT0220,SUPPLIER,
PRT0221,SUPPLIER,
PRT0222,SUPPLIER,
PRT0223,SUPPLIER,
PRT0224,SUPPLIER,
PRT0225,SUPPLIER,
PRT0226,SUPPLIER,
PRT0227,SUPPLIER,
PRT0228,SUPPLIER,
PRT0229,SUPPLIER,
PRT0230,SUPPLIER,
PRT0231,SUPPLIER,
PRT0232,SUPPLIER,
PRT0233,SUPPLIER,
PRT0234,SUPPLIER,
PRT0235,SUPPLIER,
PRT0236,SUPPLIER,
PRT0237,SUPPLIER,
PRT0238,SUPPLIER,
PRT0239,SUPPLIER,
PRT0240,SUPPLIER,
PRT0241,SUPPLIER,
PRT0242,SUPPLIER,
PRT0243,SUPPLIER,
PRT0244,SUPPLIER,
PRT0245,SUPPLIER,
PRT0246,SUPPLIER,
PRT0247,SUPPLIER,
PRT0248,SUPPLIER,
PRT0249,SUPPLIER,
PRT0250,SUPPLIER,
PRT0251,SUPPLIER,
PRT0252,SUPPLIER,
PRT0253,SUPPLIER,
PRT0254,SUPPLIER,
PRT0255,SUPPLIER,
PRT0256,SUPPLIER,
PRT0257,SUPPLIER,
PRT0258,SUPPLIER,
PRT0259,SUPPLIER,
PRT0260,SUPPLIER,
PRT0261,SUPPLIER,
PRT0262,SUPPLIER,
PRT0263,SUPPLIER,
PRT0264,SUPPLIER,
PRT0265,SUPPLIER,
PRT0266,SUPPLIER,
PRT0267,SUPPLIER,
PRT0268,SUPPLIER,
PRT0269,SUPPLIER,
PRT0270,SUPPLIER,
PRT0271,SUPPLIER,
PRT0272,SUPPLIER,
PRT0273,SUPPLIER,
PRT0274,SUPPLIER,
PRT0275,SUPPLIER,
PRT0001,BILL_FROM_VENDOR,
PRT0002,BILL_FROM_VENDOR,
PRT0003,BILL_FROM_VENDOR,
PRT0004,BILL_FROM_VENDOR,
PRT0005,BILL_FROM_VENDOR,
PRT0006,BILL_FROM_VENDOR,
PRT0007,BILL_FROM_VENDOR,
PRT0008,BILL_FROM_VENDOR,
PRT0009,BILL_FROM_VENDOR,
PRT0010,BILL_FROM_VENDOR,
PRT0011,BILL_FROM_VENDOR,
PRT0012,BILL_FROM_VENDOR,
PRT0013,BILL_FROM_VENDOR,
PRT0014,BILL_FROM_VENDOR,
PRT0015,BILL_FROM_VENDOR,
PRT0016,BILL_FROM_VENDOR,
PRT0017,BILL_FROM_VENDOR,
PRT0018,BILL_FROM_VENDOR,
PRT0019,BILL_FROM_VENDOR,
PRT0020,BILL_FROM_VENDOR,
PRT0021,BILL_FROM_VENDOR,
PRT0022,BILL_FROM_VENDOR,
PRT0023,BILL_FROM_VENDOR,
PRT0024,BILL_FROM_VENDOR,
PRT0025,BILL_FROM_VENDOR,
PRT0026,BILL_FROM_VENDOR,
PRT0027,BILL_FROM_VENDOR,
PRT0028,BILL_FROM_VENDOR,
PRT0029,BILL_FROM_VENDOR,
PRT0030,BILL_FROM_VENDOR,
PRT0031,BILL_FROM_VENDOR,
PRT0032,BILL_FROM_VENDOR,
PRT0033,BILL_FROM_VENDOR,
PRT0034,BILL_FROM_VENDOR,
PRT0035,BILL_FROM_VENDOR,
PRT0036,BILL_FROM_VENDOR,
PRT0037,BILL_FROM_VENDOR,
PRT0038,BILL_FROM_VENDOR,
PRT0039,BILL_FROM_VENDOR,
PRT0040,BILL_FROM_VENDOR,
PRT0041,BILL_FROM_VENDOR,
PRT0042,BILL_FROM_VENDOR,
PRT0043,BILL_FROM_VENDOR,
PRT0044,BILL_FROM_VENDOR,
PRT0045,BILL_FROM_VENDOR,
PRT0046,BILL_FROM_VENDOR,
PRT0047,BILL_FROM_VENDOR,
PRT0048,BILL_FROM_VENDOR,
PRT0049,BILL_FROM_VENDOR,
PRT0050,BILL_FROM_VENDOR,
PRT0051,BILL_FROM_VENDOR,
PRT0052,BILL_FROM_VENDOR,
PRT0053,BILL_FROM_VENDOR,
PRT0054,BILL_FROM_VENDOR,
PRT0055,BILL_FROM_VENDOR,
PRT0056,BILL_FROM_VENDOR,
PRT0057,BILL_FROM_VENDOR,
PRT0058,BILL_FROM_VENDOR,
PRT0059,BILL_FROM_VENDOR,
PRT0060,BILL_FROM_VENDOR,
PRT0061,BILL_FROM_VENDOR,
PRT0062,BILL_FROM_VENDOR,
PRT0063,BILL_FROM_VENDOR,
PRT0064,BILL_FROM_VENDOR,
PRT0065,BILL_FROM_VENDOR,
PRT0066,BILL_FROM_VENDOR,
PRT0067,BILL_FROM_VENDOR,
PRT0068,BILL_FROM_VENDOR,
PRT0069,BILL_FROM_VENDOR,
PRT0070,BILL_FROM_VENDOR,
PRT0071,BILL_FROM_VENDOR,
PRT0072,BILL_FROM_VENDOR,
PRT0073,BILL_FROM_VENDOR,
PRT0074,BILL_FROM_VENDOR,
PRT0075,BILL_FROM_VENDOR,
PRT0076,BILL_FROM_VENDOR,
PRT0077,BILL_FROM_VENDOR,
PRT0078,BILL_FROM_VENDOR,
PRT0079,BILL_FROM_VENDOR,
PRT0080,BILL_FROM_VENDOR,
PRT0081,BILL_FROM_VENDOR,
PRT0082,BILL_FROM_VENDOR,
PRT0083,BILL_FROM_VENDOR,
PRT0084,BILL_FROM_VENDOR,
PRT0085,BILL_FROM_VENDOR,
PRT0086,BILL_FROM_VENDOR,
PRT0087,BILL_FROM_VENDOR,
PRT0088,BILL_FROM_VENDOR,
PRT0089,BILL_FROM_VENDOR,
PRT0090,BILL_FROM_VENDOR,
PRT0091,BILL_FROM_VENDOR,
PRT0092,BILL_FROM_VENDOR,
PRT0093,BILL_FROM_VENDOR,
PRT0094,BILL_FROM_VENDOR,
PRT0095,BILL_FROM_VENDOR,
PRT0096,BILL_FROM_VENDOR,
PRT0097,BILL_FROM_VENDOR,
PRT0098,BILL_FROM_VENDOR,
PRT0099,BILL_FROM_VENDOR,
PRT0100,BILL_FROM_VENDOR,
PRT0101,BILL_FROM_VENDOR,
PRT0102,BILL_FROM_VENDOR,
PRT0103,BILL_FROM_VENDOR,
PRT0104,BILL_FROM_VENDOR,
PRT0105,BILL_FROM_VENDOR,
PRT0106,BILL_FROM_VENDOR,
PRT0107,BILL_FROM_VENDOR,
PRT0108,BILL_FROM_VENDOR,
PRT0109,BILL_FROM_VENDOR,
PRT0110,BILL_FROM_VENDOR,
PRT0111,BILL_FROM_VENDOR,
PRT0112,BILL_FROM_VENDOR,
PRT0113,BILL_FROM_VENDOR,
PRT0114,BILL_FROM_VENDOR,
PRT0115,BILL_FROM_VENDOR,
PRT0116,BILL_FROM_VENDOR,
PRT0117,BILL_FROM_VENDOR,
PRT0118,BILL_FROM_VENDOR,
PRT0119,BILL_FROM_VENDOR,
PRT0120,BILL_FROM_VENDOR,
PRT0121,BILL_FROM_VENDOR,
PRT0122,BILL_FROM_VENDOR,
PRT0123,BILL_FROM_VENDOR,
PRT0124,BILL_FROM_VENDOR,
PRT0125,BILL_FROM_VENDOR,
PRT0126,BILL_FROM_VENDOR,
PRT0127,BILL_FROM_VENDOR,
PRT0128,BILL_FROM_VENDOR,
PRT0129,BILL_FROM_VENDOR,
PRT0130,BILL_FROM_VENDOR,
PRT0131,BILL_FROM_VENDOR,
PRT0132,BILL_FROM_VENDOR,
PRT0133,BILL_FROM_VENDOR,
PRT0134,BILL_FROM_VENDOR,
PRT0135,BILL_FROM_VENDOR,
PRT0136,BILL_FROM_VENDOR,
PRT0137,BILL_FROM_VENDOR,
PRT0138,BILL_FROM_VENDOR,
PRT0139,BILL_FROM_VENDOR,
PRT0140,BILL_FROM_VENDOR,
PRT0141,BILL_FROM_VENDOR,
PRT0142,BILL_FROM_VENDOR,
PRT0143,BILL_FROM_VENDOR,
PRT0144,BILL_FROM_VENDOR,
PRT0145,BILL_FROM_VENDOR,
PRT0146,BILL_FROM_VENDOR,
PRT0147,BILL_FROM_VENDOR,
PRT0148,BILL_FROM_VENDOR,
PRT0149,BILL_FROM_VENDOR,
PRT0150,BILL_FROM_VENDOR,
PRT0151,BILL_FROM_VENDOR,
PRT0152,BILL_FROM_VENDOR,
PRT0153,BILL_FROM_VENDOR,
PRT0154,BILL_FROM_VENDOR,
PRT0155,BILL_FROM_VENDOR,
PRT0156,BILL_FROM_VENDOR,
PRT0157,BILL_FROM_VENDOR,
PRT0158,BILL_FROM_VENDOR,
PRT0159,BILL_FROM_VENDOR,
PRT0160,BILL_FROM_VENDOR,
PRT0161,BILL_FROM_VENDOR,
PRT0162,BILL_FROM_VENDOR,
PRT0163,BILL_FROM_VENDOR,
PRT0164,BILL_FROM_VENDOR,
PRT0165,BILL_FROM_VENDOR,
PRT0166,BILL_FROM_VENDOR,
PRT0167,BILL_FROM_VENDOR,
PRT0168,BILL_FROM_VENDOR,
PRT0169,BILL_FROM_VENDOR,
PRT0170,BILL_FROM_VENDOR,
PRT0171,BILL_FROM_VENDOR,
PRT0172,BILL_FROM_VENDOR,
PRT0173,BILL_FROM_VENDOR,
PRT0174,BILL_FROM_VENDOR,
PRT0175,BILL_FROM_VENDOR,
PRT0176,BILL_FROM_VENDOR,
PRT0177,BILL_FROM_VENDOR,
PRT0178,BILL_FROM_VENDOR,
PRT0179,BILL_FROM_VENDOR,
PRT0180,BILL_FROM_VENDOR,
PRT0181,BILL_FROM_VENDOR,
PRT0182,BILL_FROM_VENDOR,
PRT0183,BILL_FROM_VENDOR,
PRT0184,BILL_FROM_VENDOR,
PRT0185,BILL_FROM_VENDOR,
PRT0186,BILL_FROM_VENDOR,
PRT0187,BILL_FROM_VENDOR,
PRT0188,BILL_FROM_VENDOR,
PRT0189,BILL_FROM_VENDOR,
PRT0190,BILL_FROM_VENDOR,
PRT0191,BILL_FROM_VENDOR,
PRT0192,BILL_FROM_VENDOR,
PRT0193,BILL_FROM_VENDOR,
PRT0194,BILL_FROM_VENDOR,
PRT0195,BILL_FROM_VENDOR,
PRT0196,BILL_FROM_VENDOR,
PRT0197,BILL_FROM_VENDOR,
PRT0198,BILL_FROM_VENDOR,
PRT0199,BILL_FROM_VENDOR,
PRT0200,BILL_FROM_VENDOR,
PRT0201,BILL_FROM_VENDOR,
PRT0202,BILL_FROM_VENDOR,
PRT0203,BILL_FROM_VENDOR,
PRT0204,BILL_FROM_VENDOR,
PRT0205,BILL_FROM_VENDOR,
PRT0206,BILL_FROM_VENDOR,
PRT0207,BILL_FROM_VENDOR,
PRT0208,BILL_FROM_VENDOR,
PRT0209,BILL_FROM_VENDOR,
PRT0210,BILL_FROM_VENDOR,
PRT0211,BILL_FROM_VENDOR,
PRT0212,BILL_FROM_VENDOR,
PRT0213,BILL_FROM_VENDOR,
PRT0214,BILL_FROM_VENDOR,
PRT0215,BILL_FROM_VENDOR,
PRT0216,BILL_FROM_VENDOR,
PRT0217,BILL_FROM_VENDOR,
PRT0218,BILL_FROM_VENDOR,
PRT0219,BILL_FROM_VENDOR,
PRT0220,BILL_FROM_VENDOR,
PRT0221,BILL_FROM_VENDOR,
PRT0222,BILL_FROM_VENDOR,
PRT0223,BILL_FROM_VENDOR,
PRT0224,BILL_FROM_VENDOR,
PRT0225,BILL_FROM_VENDOR,
PRT0226,BILL_FROM_VENDOR,
PRT0227,BILL_FROM_VENDOR,
PRT0228,BILL_FROM_VENDOR,
PRT0229,BILL_FROM_VENDOR,
PRT0230,BILL_FROM_VENDOR,
PRT0231,BILL_FROM_VENDOR,
PRT0232,BILL_FROM_VENDOR,
PRT0233,BILL_FROM_VENDOR,
PRT0234,BILL_FROM_VENDOR,
PRT0235,BILL_FROM_VENDOR,
PRT0236,BILL_FROM_VENDOR,
PRT0237,BILL_FROM_VENDOR,
PRT0238,BILL_FROM_VENDOR,
PRT0239,BILL_FROM_VENDOR,
PRT0240,BILL_FROM_VENDOR,
PRT0241,BILL_FROM_VENDOR,
PRT0242,BILL_FROM_VENDOR,
PRT0243,BILL_FROM_VENDOR,
PRT0244,BILL_FROM_VENDOR,
PRT0245,BILL_FROM_VENDOR,
PRT0246,BILL_FROM_VENDOR,
PRT0247,BILL_FROM_VENDOR,
PRT0248,BILL_FROM_VENDOR,
PRT0249,BILL_FROM_VENDOR,
PRT0250,BILL_FROM_VENDOR,
PRT0251,BILL_FROM_VENDOR,
PRT0252,BILL_FROM_VENDOR,
PRT0253,BILL_FROM_VENDOR,
PRT0254,BILL_FROM_VENDOR,
PRT0255,BILL_FROM_VENDOR,
PRT0256,BILL_FROM_VENDOR,
PRT0257,BILL_FROM_VENDOR,
PRT0258,BILL_FROM_VENDOR,
PRT0259,BILL_FROM_VENDOR,
PRT0260,BILL_FROM_VENDOR,
PRT0261,BILL_FROM_VENDOR,
PRT0262,BILL_FROM_VENDOR,
PRT0263,BILL_FROM_VENDOR,
PRT0264,BILL_FROM_VENDOR,
PRT0265,BILL_FROM_VENDOR,
PRT0266,BILL_FROM_VENDOR,
PRT0267,BILL_FROM_VENDOR,
PRT0268,BILL_FROM_VENDOR,
PRT0269,BILL_FROM_VENDOR,
PRT0270,BILL_FROM_VENDOR,
PRT0271,BILL_FROM_VENDOR,
PRT0272,BILL_FROM_VENDOR,
PRT0273,BILL_FROM_VENDOR,
PRT0274,BILL_FROM_VENDOR,
PRT0275,BILL_FROM_VENDOR,
PRT0001,BILL_TO_CUSTOMER,
PRT0002,BILL_TO_CUSTOMER,
PRT0003,BILL_TO_CUSTOMER,
PRT0004,BILL_TO_CUSTOMER,
PRT0005,BILL_TO_CUSTOMER,
PRT0006,BILL_TO_CUSTOMER,
PRT0007,BILL_TO_CUSTOMER,
PRT0008,BILL_TO_CUSTOMER,
PRT0009,BILL_TO_CUSTOMER,
PRT0010,BILL_TO_CUSTOMER,
PRT0011,BILL_TO_CUSTOMER,
PRT0012,BILL_TO_CUSTOMER,
PRT0013,BILL_TO_CUSTOMER,
PRT0014,BILL_TO_CUSTOMER,
PRT0015,BILL_TO_CUSTOMER,
PRT0016,BILL_TO_CUSTOMER,
PRT0017,BILL_TO_CUSTOMER,
PRT0018,BILL_TO_CUSTOMER,
PRT0019,BILL_TO_CUSTOMER,
PRT0020,BILL_TO_CUSTOMER,
PRT0021,BILL_TO_CUSTOMER,
PRT0022,BILL_TO_CUSTOMER,
PRT0023,BILL_TO_CUSTOMER,
PRT0024,BILL_TO_CUSTOMER,
PRT0025,BILL_TO_CUSTOMER,
PRT0026,BILL_TO_CUSTOMER,
PRT0027,BILL_TO_CUSTOMER,
PRT0028,BILL_TO_CUSTOMER,
PRT0029,BILL_TO_CUSTOMER,
PRT0030,BILL_TO_CUSTOMER,
PRT0031,BILL_TO_CUSTOMER,
PRT0032,BILL_TO_CUSTOMER,
PRT0033,BILL_TO_CUSTOMER,
PRT0034,BILL_TO_CUSTOMER,
PRT0035,BILL_TO_CUSTOMER,
PRT0036,BILL_TO_CUSTOMER,
PRT0037,BILL_TO_CUSTOMER,
PRT0038,BILL_TO_CUSTOMER,
PRT0039,BILL_TO_CUSTOMER,
PRT0040,BILL_TO_CUSTOMER,
PRT0041,BILL_TO_CUSTOMER,
PRT0042,BILL_TO_CUSTOMER,
PRT0043,BILL_TO_CUSTOMER,
PRT0044,BILL_TO_CUSTOMER,
PRT0045,BILL_TO_CUSTOMER,
PRT0046,BILL_TO_CUSTOMER,
PRT0047,BILL_TO_CUSTOMER,
PRT0048,BILL_TO_CUSTOMER,
PRT0049,BILL_TO_CUSTOMER,
PRT0050,BILL_TO_CUSTOMER,
PRT0051,BILL_TO_CUSTOMER,
PRT0052,BILL_TO_CUSTOMER,
PRT0053,BILL_TO_CUSTOMER,
PRT0054,BILL_TO_CUSTOMER,
PRT0055,BILL_TO_CUSTOMER,
PRT0056,BILL_TO_CUSTOMER,
PRT0057,BILL_TO_CUSTOMER,
PRT0058,BILL_TO_CUSTOMER,
PRT0059,BILL_TO_CUSTOMER,
PRT0060,BILL_TO_CUSTOMER,
PRT0061,BILL_TO_CUSTOMER,
PRT0062,BILL_TO_CUSTOMER,
PRT0063,BILL_TO_CUSTOMER,
PRT0064,BILL_TO_CUSTOMER,
PRT0065,BILL_TO_CUSTOMER,
PRT0066,BILL_TO_CUSTOMER,
PRT0067,BILL_TO_CUSTOMER,
PRT0068,BILL_TO_CUSTOMER,
PRT0069,BILL_TO_CUSTOMER,
PRT0070,BILL_TO_CUSTOMER,
PRT0071,BILL_TO_CUSTOMER,
PRT0072,BILL_TO_CUSTOMER,
PRT0073,BILL_TO_CUSTOMER,
PRT0074,BILL_TO_CUSTOMER,
PRT0075,BILL_TO_CUSTOMER,
PRT0076,BILL_TO_CUSTOMER,
PRT0077,BILL_TO_CUSTOMER,
PRT0078,BILL_TO_CUSTOMER,
PRT0079,BILL_TO_CUSTOMER,
PRT0080,BILL_TO_CUSTOMER,
PRT0081,BILL_TO_CUSTOMER,
PRT0082,BILL_TO_CUSTOMER,
PRT0083,BILL_TO_CUSTOMER,
PRT0084,BILL_TO_CUSTOMER,
PRT0085,BILL_TO_CUSTOMER,
PRT0086,BILL_TO_CUSTOMER,
PRT0087,BILL_TO_CUSTOMER,
PRT0088,BILL_TO_CUSTOMER,
PRT0089,BILL_TO_CUSTOMER,
PRT0090,BILL_TO_CUSTOMER,
PRT0091,BILL_TO_CUSTOMER,
PRT0092,BILL_TO_CUSTOMER,
PRT0093,BILL_TO_CUSTOMER,
PRT0094,BILL_TO_CUSTOMER,
PRT0095,BILL_TO_CUSTOMER,
PRT0096,BILL_TO_CUSTOMER,
PRT0097,BILL_TO_CUSTOMER,
PRT0098,BILL_TO_CUSTOMER,
PRT0099,BILL_TO_CUSTOMER,
PRT0100,BILL_TO_CUSTOMER,
PRT0101,BILL_TO_CUSTOMER,
PRT0102,BILL_TO_CUSTOMER,
PRT0103,BILL_TO_CUSTOMER,
PRT0104,BILL_TO_CUSTOMER,
PRT0105,BILL_TO_CUSTOMER,
PRT0106,BILL_TO_CUSTOMER,
PRT0107,BILL_TO_CUSTOMER,
PRT0108,BILL_TO_CUSTOMER,
PRT0109,BILL_TO_CUSTOMER,
PRT0110,BILL_TO_CUSTOMER,
PRT0111,BILL_TO_CUSTOMER,
PRT0112,BILL_TO_CUSTOMER,
PRT0113,BILL_TO_CUSTOMER,
PRT0114,BILL_TO_CUSTOMER,
PRT0115,BILL_TO_CUSTOMER,
PRT0116,BILL_TO_CUSTOMER,
PRT0117,BILL_TO_CUSTOMER,
PRT0118,BILL_TO_CUSTOMER,
PRT0119,BILL_TO_CUSTOMER,
PRT0120,BILL_TO_CUSTOMER,
PRT0121,BILL_TO_CUSTOMER,
PRT0122,BILL_TO_CUSTOMER,
PRT0123,BILL_TO_CUSTOMER,
PRT0124,BILL_TO_CUSTOMER,
PRT0125,BILL_TO_CUSTOMER,
PRT0126,BILL_TO_CUSTOMER,
PRT0127,BILL_TO_CUSTOMER,
PRT0128,BILL_TO_CUSTOMER,
PRT0129,BILL_TO_CUSTOMER,
PRT0130,BILL_TO_CUSTOMER,
PRT0131,BILL_TO_CUSTOMER,
PRT0132,BILL_TO_CUSTOMER,
PRT0133,BILL_TO_CUSTOMER,
PRT0134,BILL_TO_CUSTOMER,
PRT0135,BILL_TO_CUSTOMER,
PRT0136,BILL_TO_CUSTOMER,
PRT0137,BILL_TO_CUSTOMER,
PRT0138,BILL_TO_CUSTOMER,
PRT0139,BILL_TO_CUSTOMER,
PRT0140,BILL_TO_CUSTOMER,
PRT0141,BILL_TO_CUSTOMER,
PRT0142,BILL_TO_CUSTOMER,
PRT0143,BILL_TO_CUSTOMER,
PRT0144,BILL_TO_CUSTOMER,
PRT0145,BILL_TO_CUSTOMER,
PRT0146,BILL_TO_CUSTOMER,
PRT0147,BILL_TO_CUSTOMER,
PRT0148,BILL_TO_CUSTOMER,
PRT0149,BILL_TO_CUSTOMER,
PRT0150,BILL_TO_CUSTOMER,
PRT0151,BILL_TO_CUSTOMER,
PRT0152,BILL_TO_CUSTOMER,
PRT0153,BILL_TO_CUSTOMER,
PRT0154,BILL_TO_CUSTOMER,
PRT0155,BILL_TO_CUSTOMER,
PRT0156,BILL_TO_CUSTOMER,
PRT0157,BILL_TO_CUSTOMER,
PRT0158,BILL_TO_CUSTOMER,
PRT0159,BILL_TO_CUSTOMER,
PRT0160,BILL_TO_CUSTOMER,
PRT0161,BILL_TO_CUSTOMER,
PRT0162,BILL_TO_CUSTOMER,
PRT0163,BILL_TO_CUSTOMER,
PRT0164,BILL_TO_CUSTOMER,
PRT0165,BILL_TO_CUSTOMER,
PRT0166,BILL_TO_CUSTOMER,
PRT0167,BILL_TO_CUSTOMER,
PRT0168,BILL_TO_CUSTOMER,
PRT0169,BILL_TO_CUSTOMER,
PRT0170,BILL_TO_CUSTOMER,
PRT0171,BILL_TO_CUSTOMER,
PRT0172,BILL_TO_CUSTOMER,
PRT0173,BILL_TO_CUSTOMER,
PRT0174,BILL_TO_CUSTOMER,
PRT0175,BILL_TO_CUSTOMER,
PRT0176,BILL_TO_CUSTOMER,
PRT0177,BILL_TO_CUSTOMER,
PRT0178,BILL_TO_CUSTOMER,
PRT0179,BILL_TO_CUSTOMER,
PRT0180,BILL_TO_CUSTOMER,
PRT0181,BILL_TO_CUSTOMER,
PRT0182,BILL_TO_CUSTOMER,
PRT0183,BILL_TO_CUSTOMER,
PRT0184,BILL_TO_CUSTOMER,
PRT0185,BILL_TO_CUSTOMER,
PRT0186,BILL_TO_CUSTOMER,
PRT0187,BILL_TO_CUSTOMER,
PRT0188,BILL_TO_CUSTOMER,
PRT0189,BILL_TO_CUSTOMER,
PRT0190,BILL_TO_CUSTOMER,
PRT0191,BILL_TO_CUSTOMER,
PRT0192,BILL_TO_CUSTOMER,
PRT0193,BILL_TO_CUSTOMER,
PRT0194,BILL_TO_CUSTOMER,
PRT0195,BILL_TO_CUSTOMER,
PRT0196,BILL_TO_CUSTOMER,
PRT0197,BILL_TO_CUSTOMER,
PRT0198,BILL_TO_CUSTOMER,
PRT0199,BILL_TO_CUSTOMER,
PRT0200,BILL_TO_CUSTOMER,
PRT0201,BILL_TO_CUSTOMER,
PRT0202,BILL_TO_CUSTOMER,
PRT0203,BILL_TO_CUSTOMER,
PRT0204,BILL_TO_CUSTOMER,
PRT0205,BILL_TO_CUSTOMER,
PRT0206,BILL_TO_CUSTOMER,
PRT0207,BILL_TO_CUSTOMER,
PRT0208,BILL_TO_CUSTOMER,
PRT0209,BILL_TO_CUSTOMER,
PRT0210,BILL_TO_CUSTOMER,
PRT0211,BILL_TO_CUSTOMER,
PRT0212,BILL_TO_CUSTOMER,
PRT0213,BILL_TO_CUSTOMER,
PRT0214,BILL_TO_CUSTOMER,
PRT0215,BILL_TO_CUSTOMER,
PRT0216,BILL_TO_CUSTOMER,
PRT0217,BILL_TO_CUSTOMER,
PRT0218,BILL_TO_CUSTOMER,
PRT0219,BILL_TO_CUSTOMER,
PRT0220,BILL_TO_CUSTOMER,
PRT0221,BILL_TO_CUSTOMER,
PRT0222,BILL_TO_CUSTOMER,
PRT0223,BILL_TO_CUSTOMER,
PRT0224,BILL_TO_CUSTOMER,
PRT0225,BILL_TO_CUSTOMER,
PRT0226,BILL_TO_CUSTOMER,
PRT0227,BILL_TO_CUSTOMER,
PRT0228,BILL_TO_CUSTOMER,
PRT0229,BILL_TO_CUSTOMER,
PRT0230,BILL_TO_CUSTOMER,
PRT0231,BILL_TO_CUSTOMER,
PRT0232,BILL_TO_CUSTOMER,
PRT0233,BILL_TO_CUSTOMER,
PRT0234,BILL_TO_CUSTOMER,
PRT0235,BILL_TO_CUSTOMER,
PRT0236,BILL_TO_CUSTOMER,
PRT0237,BILL_TO_CUSTOMER,
PRT0238,BILL_TO_CUSTOMER,
PRT0239,BILL_TO_CUSTOMER,
PRT0240,BILL_TO_CUSTOMER,
PRT0241,BILL_TO_CUSTOMER,
PRT0242,BILL_TO_CUSTOMER,
PRT0243,BILL_TO_CUSTOMER,
PRT0244,BILL_TO_CUSTOMER,
PRT0245,BILL_TO_CUSTOMER,
PRT0246,BILL_TO_CUSTOMER,
PRT0247,BILL_TO_CUSTOMER,
PRT0248,BILL_TO_CUSTOMER,
PRT0249,BILL_TO_CUSTOMER,
PRT0250,BILL_TO_CUSTOMER,
PRT0251,BILL_TO_CUSTOMER,
PRT0252,BILL_TO_CUSTOMER,
PRT0253,BILL_TO_CUSTOMER,
PRT0254,BILL_TO_CUSTOMER,
PRT0255,BILL_TO_CUSTOMER,
PRT0256,BILL_TO_CUSTOMER,
PRT0257,BILL_TO_CUSTOMER,
PRT0258,BILL_TO_CUSTOMER,
PRT0259,BILL_TO_CUSTOMER,
PRT0260,BILL_TO_CUSTOMER,
PRT0261,BILL_TO_CUSTOMER,
PRT0262,BILL_TO_CUSTOMER,
PRT0263,BILL_TO_CUSTOMER,
PRT0264,BILL_TO_CUSTOMER,
PRT0265,BILL_TO_CUSTOMER,
PRT0266,BILL_TO_CUSTOMER,
PRT0267,BILL_TO_CUSTOMER,
PRT0268,BILL_TO_CUSTOMER,
PRT0269,BILL_TO_CUSTOMER,
PRT0270,BILL_TO_CUSTOMER,
PRT0271,BILL_TO_CUSTOMER,
PRT0272,BILL_TO_CUSTOMER,
PRT0273,BILL_TO_CUSTOMER,
PRT0274,BILL_TO_CUSTOMER,
PRT0275,BILL_TO_CUSTOMER,
PRT0001,SHIP_FROM_VENDOR,
PRT0002,SHIP_FROM_VENDOR,
PRT0003,SHIP_FROM_VENDOR,
PRT0004,SHIP_FROM_VENDOR,
PRT0005,SHIP_FROM_VENDOR,
PRT0006,SHIP_FROM_VENDOR,
PRT0007,SHIP_FROM_VENDOR,
PRT0008,SHIP_FROM_VENDOR,
PRT0009,SHIP_FROM_VENDOR,
PRT0010,SHIP_FROM_VENDOR,
PRT0011,SHIP_FROM_VENDOR,
PRT0012,SHIP_FROM_VENDOR,
PRT0013,SHIP_FROM_VENDOR,
PRT0014,SHIP_FROM_VENDOR,
PRT0015,SHIP_FROM_VENDOR,
PRT0016,SHIP_FROM_VENDOR,
PRT0017,SHIP_FROM_VENDOR,
PRT0018,SHIP_FROM_VENDOR,
PRT0019,SHIP_FROM_VENDOR,
PRT0020,SHIP_FROM_VENDOR,
PRT0021,SHIP_FROM_VENDOR,
PRT0022,SHIP_FROM_VENDOR,
PRT0023,SHIP_FROM_VENDOR,
PRT0024,SHIP_FROM_VENDOR,
PRT0025,SHIP_FROM_VENDOR,
PRT0026,SHIP_FROM_VENDOR,
PRT0027,SHIP_FROM_VENDOR,
PRT0028,SHIP_FROM_VENDOR,
PRT0029,SHIP_FROM_VENDOR,
PRT0030,SHIP_FROM_VENDOR,
PRT0031,SHIP_FROM_VENDOR,
PRT0032,SHIP_FROM_VENDOR,
PRT0033,SHIP_FROM_VENDOR,
PRT0034,SHIP_FROM_VENDOR,
PRT0035,SHIP_FROM_VENDOR,
PRT0036,SHIP_FROM_VENDOR,
PRT0037,SHIP_FROM_VENDOR,
PRT0038,SHIP_FROM_VENDOR,
PRT0039,SHIP_FROM_VENDOR,
PRT0040,SHIP_FROM_VENDOR,
PRT0041,SHIP_FROM_VENDOR,
PRT0042,SHIP_FROM_VENDOR,
PRT0043,SHIP_FROM_VENDOR,
PRT0044,SHIP_FROM_VENDOR,
PRT0045,SHIP_FROM_VENDOR,
PRT0046,SHIP_FROM_VENDOR,
PRT0047,SHIP_FROM_VENDOR,
PRT0048,SHIP_FROM_VENDOR,
PRT0049,SHIP_FROM_VENDOR,
PRT0050,SHIP_FROM_VENDOR,
PRT0051,SHIP_FROM_VENDOR,
PRT0052,SHIP_FROM_VENDOR,
PRT0053,SHIP_FROM_VENDOR,
PRT0054,SHIP_FROM_VENDOR,
PRT0055,SHIP_FROM_VENDOR,
PRT0056,SHIP_FROM_VENDOR,
PRT0057,SHIP_FROM_VENDOR,
PRT0058,SHIP_FROM_VENDOR,
PRT0059,SHIP_FROM_VENDOR,
PRT0060,SHIP_FROM_VENDOR,
PRT0061,SHIP_FROM_VENDOR,
PRT0062,SHIP_FROM_VENDOR,
PRT0063,SHIP_FROM_VENDOR,
PRT0064,SHIP_FROM_VENDOR,
PRT0065,SHIP_FROM_VENDOR,
PRT0066,SHIP_FROM_VENDOR,
PRT0067,SHIP_FROM_VENDOR,
PRT0068,SHIP_FROM_VENDOR,
PRT0069,SHIP_FROM_VENDOR,
PRT0070,SHIP_FROM_VENDOR,
PRT0071,SHIP_FROM_VENDOR,
PRT0072,SHIP_FROM_VENDOR,
PRT0073,SHIP_FROM_VENDOR,
PRT0074,SHIP_FROM_VENDOR,
PRT0075,SHIP_FROM_VENDOR,
PRT0076,SHIP_FROM_VENDOR,
PRT0077,SHIP_FROM_VENDOR,
PRT0078,SHIP_FROM_VENDOR,
PRT0079,SHIP_FROM_VENDOR,
PRT0080,SHIP_FROM_VENDOR,
PRT0081,SHIP_FROM_VENDOR,
PRT0082,SHIP_FROM_VENDOR,
PRT0083,SHIP_FROM_VENDOR,
PRT0084,SHIP_FROM_VENDOR,
PRT0085,SHIP_FROM_VENDOR,
PRT0086,SHIP_FROM_VENDOR,
PRT0087,SHIP_FROM_VENDOR,
PRT0088,SHIP_FROM_VENDOR,
PRT0089,SHIP_FROM_VENDOR,
PRT0090,SHIP_FROM_VENDOR,
PRT0091,SHIP_FROM_VENDOR,
PRT0092,SHIP_FROM_VENDOR,
PRT0093,SHIP_FROM_VENDOR,
PRT0094,SHIP_FROM_VENDOR,
PRT0095,SHIP_FROM_VENDOR,
PRT0096,SHIP_FROM_VENDOR,
PRT0097,SHIP_FROM_VENDOR,
PRT0098,SHIP_FROM_VENDOR,
PRT0099,SHIP_FROM_VENDOR,
PRT0100,SHIP_FROM_VENDOR,
PRT0101,SHIP_FROM_VENDOR,
PRT0102,SHIP_FROM_VENDOR,
PRT0103,SHIP_FROM_VENDOR,
PRT0104,SHIP_FROM_VENDOR,
PRT0105,SHIP_FROM_VENDOR,
PRT0106,SHIP_FROM_VENDOR,
PRT0107,SHIP_FROM_VENDOR,
PRT0108,SHIP_FROM_VENDOR,
PRT0109,SHIP_FROM_VENDOR,
PRT0110,SHIP_FROM_VENDOR,
PRT0111,SHIP_FROM_VENDOR,
PRT0112,SHIP_FROM_VENDOR,
PRT0113,SHIP_FROM_VENDOR,
PRT0114,SHIP_FROM_VENDOR,
PRT0115,SHIP_FROM_VENDOR,
PRT0116,SHIP_FROM_VENDOR,
PRT0117,SHIP_FROM_VENDOR,
PRT0118,SHIP_FROM_VENDOR,
PRT0119,SHIP_FROM_VENDOR,
PRT0120,SHIP_FROM_VENDOR,
PRT0121,SHIP_FROM_VENDOR,
PRT0122,SHIP_FROM_VENDOR,
PRT0123,SHIP_FROM_VENDOR,
PRT0124,SHIP_FROM_VENDOR,
PRT0125,SHIP_FROM_VENDOR,
PRT0126,SHIP_FROM_VENDOR,
PRT0127,SHIP_FROM_VENDOR,
PRT0128,SHIP_FROM_VENDOR,
PRT0129,SHIP_FROM_VENDOR,
PRT0130,SHIP_FROM_VENDOR,
PRT0131,SHIP_FROM_VENDOR,
PRT0132,SHIP_FROM_VENDOR,
PRT0133,SHIP_FROM_VENDOR,
PRT0134,SHIP_FROM_VENDOR,
PRT0135,SHIP_FROM_VENDOR,
PRT0136,SHIP_FROM_VENDOR,
PRT0137,SHIP_FROM_VENDOR,
PRT0138,SHIP_FROM_VENDOR,
PRT0139,SHIP_FROM_VENDOR,
PRT0140,SHIP_FROM_VENDOR,
PRT0141,SHIP_FROM_VENDOR,
PRT0142,SHIP_FROM_VENDOR,
PRT0143,SHIP_FROM_VENDOR,
PRT0144,SHIP_FROM_VENDOR,
PRT0145,SHIP_FROM_VENDOR,
PRT0146,SHIP_FROM_VENDOR,
PRT0147,SHIP_FROM_VENDOR,
PRT0148,SHIP_FROM_VENDOR,
PRT0149,SHIP_FROM_VENDOR,
PRT0150,SHIP_FROM_VENDOR,
PRT0151,SHIP_FROM_VENDOR,
PRT0152,SHIP_FROM_VENDOR,
PRT0153,SHIP_FROM_VENDOR,
PRT0154,SHIP_FROM_VENDOR,
PRT0155,SHIP_FROM_VENDOR,
PRT0156,SHIP_FROM_VENDOR,
PRT0157,SHIP_FROM_VENDOR,
PRT0158,SHIP_FROM_VENDOR,
PRT0159,SHIP_FROM_VENDOR,
PRT0160,SHIP_FROM_VENDOR,
PRT0161,SHIP_FROM_VENDOR,
PRT0162,SHIP_FROM_VENDOR,
PRT0163,SHIP_FROM_VENDOR,
PRT0164,SHIP_FROM_VENDOR,
PRT0165,SHIP_FROM_VENDOR,
PRT0166,SHIP_FROM_VENDOR,
PRT0167,SHIP_FROM_VENDOR,
PRT0168,SHIP_FROM_VENDOR,
PRT0169,SHIP_FROM_VENDOR,
PRT0170,SHIP_FROM_VENDOR,
PRT0171,SHIP_FROM_VENDOR,
PRT0172,SHIP_FROM_VENDOR,
PRT0173,SHIP_FROM_VENDOR,
PRT0174,SHIP_FROM_VENDOR,
PRT0175,SHIP_FROM_VENDOR,
PRT0176,SHIP_FROM_VENDOR,
PRT0177,SHIP_FROM_VENDOR,
PRT0178,SHIP_FROM_VENDOR,
PRT0179,SHIP_FROM_VENDOR,
PRT0180,SHIP_FROM_VENDOR,
PRT0181,SHIP_FROM_VENDOR,
PRT0182,SHIP_FROM_VENDOR,
PRT0183,SHIP_FROM_VENDOR,
PRT0184,SHIP_FROM_VENDOR,
PRT0185,SHIP_FROM_VENDOR,
PRT0186,SHIP_FROM_VENDOR,
PRT0187,SHIP_FROM_VENDOR,
PRT0188,SHIP_FROM_VENDOR,
PRT0189,SHIP_FROM_VENDOR,
PRT0190,SHIP_FROM_VENDOR,
PRT0191,SHIP_FROM_VENDOR,
PRT0192,SHIP_FROM_VENDOR,
PRT0193,SHIP_FROM_VENDOR,
PRT0194,SHIP_FROM_VENDOR,
PRT0195,SHIP_FROM_VENDOR,
PRT0196,SHIP_FROM_VENDOR,
PRT0197,SHIP_FROM_VENDOR,
PRT0198,SHIP_FROM_VENDOR,
PRT0199,SHIP_FROM_VENDOR,
PRT0200,SHIP_FROM_VENDOR,
PRT0201,SHIP_FROM_VENDOR,
PRT0202,SHIP_FROM_VENDOR,
PRT0203,SHIP_FROM_VENDOR,
PRT0204,SHIP_FROM_VENDOR,
PRT0205,SHIP_FROM_VENDOR,
PRT0206,SHIP_FROM_VENDOR,
PRT0207,SHIP_FROM_VENDOR,
PRT0208,SHIP_FROM_VENDOR,
PRT0209,SHIP_FROM_VENDOR,
PRT0210,SHIP_FROM_VENDOR,
PRT0211,SHIP_FROM_VENDOR,
PRT0212,SHIP_FROM_VENDOR,
PRT0213,SHIP_FROM_VENDOR,
PRT0214,SHIP_FROM_VENDOR,
PRT0215,SHIP_FROM_VENDOR,
PRT0216,SHIP_FROM_VENDOR,
PRT0217,SHIP_FROM_VENDOR,
PRT0218,SHIP_FROM_VENDOR,
PRT0219,SHIP_FROM_VENDOR,
PRT0220,SHIP_FROM_VENDOR,
PRT0221,SHIP_FROM_VENDOR,
PRT0222,SHIP_FROM_VENDOR,
PRT0223,SHIP_FROM_VENDOR,
PRT0224,SHIP_FROM_VENDOR,
PRT0225,SHIP_FROM_VENDOR,
PRT0226,SHIP_FROM_VENDOR,
PRT0227,SHIP_FROM_VENDOR,
PRT0228,SHIP_FROM_VENDOR,
PRT0229,SHIP_FROM_VENDOR,
PRT0230,SHIP_FROM_VENDOR,
PRT0231,SHIP_FROM_VENDOR,
PRT0232,SHIP_FROM_VENDOR,
PRT0233,SHIP_FROM_VENDOR,
PRT0234,SHIP_FROM_VENDOR,
PRT0235,SHIP_FROM_VENDOR,
PRT0236,SHIP_FROM_VENDOR,
PRT0237,SHIP_FROM_VENDOR,
PRT0238,SHIP_FROM_VENDOR,
PRT0239,SHIP_FROM_VENDOR,
PRT0240,SHIP_FROM_VENDOR,
PRT0241,SHIP_FROM_VENDOR,
PRT0242,SHIP_FROM_VENDOR,
PRT0243,SHIP_FROM_VENDOR,
PRT0244,SHIP_FROM_VENDOR,
PRT0245,SHIP_FROM_VENDOR,
PRT0246,SHIP_FROM_VENDOR,
PRT0247,SHIP_FROM_VENDOR,
PRT0248,SHIP_FROM_VENDOR,
PRT0249,SHIP_FROM_VENDOR,
PRT0250,SHIP_FROM_VENDOR,
PRT0251,SHIP_FROM_VENDOR,
PRT0252,SHIP_FROM_VENDOR,
PRT0253,SHIP_FROM_VENDOR,
PRT0254,SHIP_FROM_VENDOR,
PRT0255,SHIP_FROM_VENDOR,
PRT0256,SHIP_FROM_VENDOR,
PRT0257,SHIP_FROM_VENDOR,
PRT0258,SHIP_FROM_VENDOR,
PRT0259,SHIP_FROM_VENDOR,
PRT0260,SHIP_FROM_VENDOR,
PRT0261,SHIP_FROM_VENDOR,
PRT0262,SHIP_FROM_VENDOR,
PRT0263,SHIP_FROM_VENDOR,
PRT0264,SHIP_FROM_VENDOR,
PRT0265,SHIP_FROM_VENDOR,
PRT0266,SHIP_FROM_VENDOR,
PRT0267,SHIP_FROM_VENDOR,
PRT0268,SHIP_FROM_VENDOR,
PRT0269,SHIP_FROM_VENDOR,
PRT0270,SHIP_FROM_VENDOR,
PRT0271,SHIP_FROM_VENDOR,
PRT0272,SHIP_FROM_VENDOR,
PRT0273,SHIP_FROM_VENDOR,
PRT0274,SHIP_FROM_VENDOR,
PRT0275,SHIP_FROM_VENDOR,
PRT0001,SUPPLIER_AGENT,
PRT0002,SUPPLIER_AGENT,
PRT0003,SUPPLIER_AGENT,
PRT0004,SUPPLIER_AGENT,
PRT0005,SUPPLIER_AGENT,
PRT0006,SUPPLIER_AGENT,
PRT0007,SUPPLIER_AGENT,
PRT0008,SUPPLIER_AGENT,
PRT0009,SUPPLIER_AGENT,
PRT0010,SUPPLIER_AGENT,
PRT0011,SUPPLIER_AGENT,
PRT0012,SUPPLIER_AGENT,
PRT0013,SUPPLIER_AGENT,
PRT0014,SUPPLIER_AGENT,
PRT0015,SUPPLIER_AGENT,
PRT0016,SUPPLIER_AGENT,
PRT0017,SUPPLIER_AGENT,
PRT0018,SUPPLIER_AGENT,
PRT0019,SUPPLIER_AGENT,
PRT0020,SUPPLIER_AGENT,
PRT0021,SUPPLIER_AGENT,
PRT0022,SUPPLIER_AGENT,
PRT0023,SUPPLIER_AGENT,
PRT0024,SUPPLIER_AGENT,
PRT0025,SUPPLIER_AGENT,
PRT0026,SUPPLIER_AGENT,
PRT0027,SUPPLIER_AGENT,
PRT0028,SUPPLIER_AGENT,
PRT0029,SUPPLIER_AGENT,
PRT0030,SUPPLIER_AGENT,
PRT0031,SUPPLIER_AGENT,
PRT0032,SUPPLIER_AGENT,
PRT0033,SUPPLIER_AGENT,
PRT0034,SUPPLIER_AGENT,
PRT0035,SUPPLIER_AGENT,
PRT0036,SUPPLIER_AGENT,
PRT0037,SUPPLIER_AGENT,
PRT0038,SUPPLIER_AGENT,
PRT0039,SUPPLIER_AGENT,
PRT0040,SUPPLIER_AGENT,
PRT0041,SUPPLIER_AGENT,
PRT0042,SUPPLIER_AGENT,
PRT0043,SUPPLIER_AGENT,
PRT0044,SUPPLIER_AGENT,
PRT0045,SUPPLIER_AGENT,
PRT0046,SUPPLIER_AGENT,
PRT0047,SUPPLIER_AGENT,
PRT0048,SUPPLIER_AGENT,
PRT0049,SUPPLIER_AGENT,
PRT0050,SUPPLIER_AGENT,
PRT0051,SUPPLIER_AGENT,
PRT0052,SUPPLIER_AGENT,
PRT0053,SUPPLIER_AGENT,
PRT0054,SUPPLIER_AGENT,
PRT0055,SUPPLIER_AGENT,
PRT0056,SUPPLIER_AGENT,
PRT0057,SUPPLIER_AGENT,
PRT0058,SUPPLIER_AGENT,
PRT0059,SUPPLIER_AGENT,
PRT0060,SUPPLIER_AGENT,
PRT0061,SUPPLIER_AGENT,
PRT0062,SUPPLIER_AGENT,
PRT0063,SUPPLIER_AGENT,
PRT0064,SUPPLIER_AGENT,
PRT0065,SUPPLIER_AGENT,
PRT0066,SUPPLIER_AGENT,
PRT0067,SUPPLIER_AGENT,
PRT0068,SUPPLIER_AGENT,
PRT0069,SUPPLIER_AGENT,
PRT0070,SUPPLIER_AGENT,
PRT0071,SUPPLIER_AGENT,
PRT0072,SUPPLIER_AGENT,
PRT0073,SUPPLIER_AGENT,
PRT0074,SUPPLIER_AGENT,
PRT0075,SUPPLIER_AGENT,
PRT0076,SUPPLIER_AGENT,
PRT0077,SUPPLIER_AGENT,
PRT0078,SUPPLIER_AGENT,
PRT0079,SUPPLIER_AGENT,
PRT0080,SUPPLIER_AGENT,
PRT0081,SUPPLIER_AGENT,
PRT0082,SUPPLIER_AGENT,
PRT0083,SUPPLIER_AGENT,
PRT0084,SUPPLIER_AGENT,
PRT0085,SUPPLIER_AGENT,
PRT0086,SUPPLIER_AGENT,
PRT0087,SUPPLIER_AGENT,
PRT0088,SUPPLIER_AGENT,
PRT0089,SUPPLIER_AGENT,
PRT0090,SUPPLIER_AGENT,
PRT0091,SUPPLIER_AGENT,
PRT0092,SUPPLIER_AGENT,
PRT0093,SUPPLIER_AGENT,
PRT0094,SUPPLIER_AGENT,
PRT0095,SUPPLIER_AGENT,
PRT0096,SUPPLIER_AGENT,
PRT0097,SUPPLIER_AGENT,
PRT0098,SUPPLIER_AGENT,
PRT0099,SUPPLIER_AGENT,
PRT0100,SUPPLIER_AGENT,
PRT0101,SUPPLIER_AGENT,
PRT0102,SUPPLIER_AGENT,
PRT0103,SUPPLIER_AGENT,
PRT0104,SUPPLIER_AGENT,
PRT0105,SUPPLIER_AGENT,
PRT0106,SUPPLIER_AGENT,
PRT0107,SUPPLIER_AGENT,
PRT0108,SUPPLIER_AGENT,
PRT0109,SUPPLIER_AGENT,
PRT0110,SUPPLIER_AGENT,
PRT0111,SUPPLIER_AGENT,
PRT0112,SUPPLIER_AGENT,
PRT0113,SUPPLIER_AGENT,
PRT0114,SUPPLIER_AGENT,
PRT0115,SUPPLIER_AGENT,
PRT0116,SUPPLIER_AGENT,
PRT0117,SUPPLIER_AGENT,
PRT0118,SUPPLIER_AGENT,
PRT0119,SUPPLIER_AGENT,
PRT0120,SUPPLIER_AGENT,
PRT0121,SUPPLIER_AGENT,
PRT0122,SUPPLIER_AGENT,
PRT0123,SUPPLIER_AGENT,
PRT0124,SUPPLIER_AGENT,
PRT0125,SUPPLIER_AGENT,
PRT0126,SUPPLIER_AGENT,
PRT0127,SUPPLIER_AGENT,
PRT0128,SUPPLIER_AGENT,
PRT0129,SUPPLIER_AGENT,
PRT0130,SUPPLIER_AGENT,
PRT0131,SUPPLIER_AGENT,
PRT0132,SUPPLIER_AGENT,
PRT0133,SUPPLIER_AGENT,
PRT0134,SUPPLIER_AGENT,
PRT0135,SUPPLIER_AGENT,
PRT0136,SUPPLIER_AGENT,
PRT0137,SUPPLIER_AGENT,
PRT0138,SUPPLIER_AGENT,
PRT0139,SUPPLIER_AGENT,
PRT0140,SUPPLIER_AGENT,
PRT0141,SUPPLIER_AGENT,
PRT0142,SUPPLIER_AGENT,
PRT0143,SUPPLIER_AGENT,
PRT0144,SUPPLIER_AGENT,
PRT0145,SUPPLIER_AGENT,
PRT0146,SUPPLIER_AGENT,
PRT0147,SUPPLIER_AGENT,
PRT0148,SUPPLIER_AGENT,
PRT0149,SUPPLIER_AGENT,
PRT0150,SUPPLIER_AGENT,
PRT0151,SUPPLIER_AGENT,
PRT0152,SUPPLIER_AGENT,
PRT0153,SUPPLIER_AGENT,
PRT0154,SUPPLIER_AGENT,
PRT0155,SUPPLIER_AGENT,
PRT0156,SUPPLIER_AGENT,
PRT0157,SUPPLIER_AGENT,
PRT0158,SUPPLIER_AGENT,
PRT0159,SUPPLIER_AGENT,
PRT0160,SUPPLIER_AGENT,
PRT0161,SUPPLIER_AGENT,
PRT0162,SUPPLIER_AGENT,
PRT0163,SUPPLIER_AGENT,
PRT0164,SUPPLIER_AGENT,
PRT0165,SUPPLIER_AGENT,
PRT0166,SUPPLIER_AGENT,
PRT0167,SUPPLIER_AGENT,
PRT0168,SUPPLIER_AGENT,
PRT0169,SUPPLIER_AGENT,
PRT0170,SUPPLIER_AGENT,
PRT0171,SUPPLIER_AGENT,
PRT0172,SUPPLIER_AGENT,
PRT0173,SUPPLIER_AGENT,
PRT0174,SUPPLIER_AGENT,
PRT0175,SUPPLIER_AGENT,
PRT0176,SUPPLIER_AGENT,
PRT0177,SUPPLIER_AGENT,
PRT0178,SUPPLIER_AGENT,
PRT0179,SUPPLIER_AGENT,
PRT0180,SUPPLIER_AGENT,
PRT0181,SUPPLIER_AGENT,
PRT0182,SUPPLIER_AGENT,
PRT0183,SUPPLIER_AGENT,
PRT0184,SUPPLIER_AGENT,
PRT0185,SUPPLIER_AGENT,
PRT0186,SUPPLIER_AGENT,
PRT0187,SUPPLIER_AGENT,
PRT0188,SUPPLIER_AGENT,
PRT0189,SUPPLIER_AGENT,
PRT0190,SUPPLIER_AGENT,
PRT0191,SUPPLIER_AGENT,
PRT0192,SUPPLIER_AGENT,
PRT0193,SUPPLIER_AGENT,
PRT0194,SUPPLIER_AGENT,
PRT0195,SUPPLIER_AGENT,
PRT0196,SUPPLIER_AGENT,
PRT0197,SUPPLIER_AGENT,
PRT0198,SUPPLIER_AGENT,
PRT0199,SUPPLIER_AGENT,
PRT0200,SUPPLIER_AGENT,
PRT0201,SUPPLIER_AGENT,
PRT0202,SUPPLIER_AGENT,
PRT0203,SUPPLIER_AGENT,
PRT0204,SUPPLIER_AGENT,
PRT0205,SUPPLIER_AGENT,
PRT0206,SUPPLIER_AGENT,
PRT0207,SUPPLIER_AGENT,
PRT0208,SUPPLIER_AGENT,
PRT0209,SUPPLIER_AGENT,
PRT0210,SUPPLIER_AGENT,
PRT0211,SUPPLIER_AGENT,
PRT0212,SUPPLIER_AGENT,
PRT0213,SUPPLIER_AGENT,
PRT0214,SUPPLIER_AGENT,
PRT0215,SUPPLIER_AGENT,
PRT0216,SUPPLIER_AGENT,
PRT0217,SUPPLIER_AGENT,
PRT0218,SUPPLIER_AGENT,
PRT0219,SUPPLIER_AGENT,
PRT0220,SUPPLIER_AGENT,
PRT0221,SUPPLIER_AGENT,
PRT0222,SUPPLIER_AGENT,
PRT0223,SUPPLIER_AGENT,
PRT0224,SUPPLIER_AGENT,
PRT0225,SUPPLIER_AGENT,
PRT0226,SUPPLIER_AGENT,
PRT0227,SUPPLIER_AGENT,
PRT0228,SUPPLIER_AGENT,
PRT0229,SUPPLIER_AGENT,
PRT0230,SUPPLIER_AGENT,
PRT0231,SUPPLIER_AGENT,
PRT0232,SUPPLIER_AGENT,
PRT0233,SUPPLIER_AGENT,
PRT0234,SUPPLIER_AGENT,
PRT0235,SUPPLIER_AGENT,
PRT0236,SUPPLIER_AGENT,
PRT0237,SUPPLIER_AGENT,
PRT0238,SUPPLIER_AGENT,
PRT0239,SUPPLIER_AGENT,
PRT0240,SUPPLIER_AGENT,
PRT0241,SUPPLIER_AGENT,
PRT0242,SUPPLIER_AGENT,
PRT0243,SUPPLIER_AGENT,
PRT0244,SUPPLIER_AGENT,
PRT0245,SUPPLIER_AGENT,
PRT0246,SUPPLIER_AGENT,
PRT0247,SUPPLIER_AGENT,
PRT0248,SUPPLIER_AGENT,
PRT0249,SUPPLIER_AGENT,
PRT0250,SUPPLIER_AGENT,
PRT0251,SUPPLIER_AGENT,
PRT0252,SUPPLIER_AGENT,
PRT0253,SUPPLIER_AGENT,
PRT0254,SUPPLIER_AGENT,
PRT0255,SUPPLIER_AGENT,
PRT0256,SUPPLIER_AGENT,
PRT0257,SUPPLIER_AGENT,
PRT0258,SUPPLIER_AGENT,
PRT0259,SUPPLIER_AGENT,
PRT0260,SUPPLIER_AGENT,
PRT0261,SUPPLIER_AGENT,
PRT0262,SUPPLIER_AGENT,
PRT0263,SUPPLIER_AGENT,
PRT0264,SUPPLIER_AGENT,
PRT0265,SUPPLIER_AGENT,
PRT0266,SUPPLIER_AGENT,
PRT0267,SUPPLIER_AGENT,
PRT0268,SUPPLIER_AGENT,
PRT0269,SUPPLIER_AGENT,
PRT0270,SUPPLIER_AGENT,
PRT0271,SUPPLIER_AGENT,
PRT0272,SUPPLIER_AGENT,
PRT0273,SUPPLIER_AGENT,
PRT0274,SUPPLIER_AGENT,
PRT0275,SUPPLIER_AGENT,